insert into jcavi_categoria(id, nome) values (1, 'TECNOLOGIA')
insert into jcavi_categoria(id, nome) values (2, 'ARQUITETURA DE SOLUÇÕES')
insert into jcavi_categoria(id, nome) values (3, 'GERENCIAMENTO DE PROJETOS')
insert into jcavi_categoria(id, nome) values (4, 'ENGENHARIA DE SOFTWARE')
insert into jcavi_categoria(id, nome) values (5, 'DATA CIENCE')

insert into jcavi_fabricante(id, nome) values (1, 'Apple')
insert into jcavi_fabricante(id, nome) values (2, 'Motorla')
insert into jcavi_fabricante(id, nome) values (3, 'Ford')
insert into jcavi_fabricante(id, nome) values (4, 'Harley Davidson')
insert into jcavi_fabricante(id, nome) values (5, 'HP')

insert into jcavi_produto(id, descricao, fabricante) values (1, 'Camiseta - Darth Vader', 1)
insert into jcavi_produto(id, descricao, fabricante) values (2, 'Macbook Pro', 1)
insert into jcavi_produto(id, descricao, fabricante) values (3, 'Teclado Mecânico', 1)
insert into jcavi_produto(id, descricao, fabricante) values (4, 'iMac Tela de Retina', 1)
insert into jcavi_produto(id, descricao, fabricante) values (5, 'IPhone 11 PRO', 1)

insert into produto_categoria(produto, categoria) values (1, 1)
insert into produto_categoria(produto, categoria) values (2, 2)
insert into produto_categoria(produto, categoria) values (3, 3)
insert into produto_categoria(produto, categoria) values (4, 4)
insert into produto_categoria(produto, categoria) values (4, 3)

insert into jcavi_usuario(id, nome, email, senha, profissao, salario) values (1,'Frodo', 'frodo@legalizzr.com.br', '123', 'Personagem de ficção', '12000')
insert into jcavi_usuario(id, nome, email, senha, profissao, salario) values (2,'Darth', 'darth@legalizzr.com.br', '123', 'Personagem de ficção', '12000')
insert into jcavi_usuario(id, nome, email, senha, profissao, salario) values (3,'Hannibal', 'hannibal@legalizzr.com.br', '123', 'Personagem de ficção', '12000')
insert into jcavi_usuario(id, nome, email, senha, profissao, salario) values (4,'Michael', 'michael@legalizzr.com.br', '123', 'Personagem de ficção', '12000')
insert into jcavi_usuario(id, nome, email, senha, profissao, salario) values (5,'Gandalf', 'gandalf@legalizzr.com.br', '123', 'Personagem de ficção', '12000')

insert into jcavi_funcao(id, nome) values (1, 'ROLE_ADMIN')
insert into jcavi_funcao(id, nome) values (2, 'ROLE_USER')

insert into usuario_funcao(usuario, funcao) values (1, 1)
insert into usuario_funcao(usuario, funcao) values (1, 2)
insert into usuario_funcao(usuario, funcao) values (2, 2)
insert into usuario_funcao(usuario, funcao) values (3, 2)
insert into usuario_funcao(usuario, funcao) values (4, 2)
insert into usuario_funcao(usuario, funcao) values (5, 2)